"date","co_aqs_cranston","co_quantaq_dpw","rh_quantaq_dpw","temp_quantaq_dpw","co_quantaq_pema","rh_quantaq_pema","temp_quantaq_pema","co_quantaq_pha","rh_quantaq_pha","temp_quantaq_pha"
2024-12-06 22:00:00,0.353,0.768974,35.264,-0.438,0.90568,34.893,-0.848,NA,NA,NA
2024-12-06 23:00:00,0.458,0.777078,39.242,-0.76,0.874297,39.52,-1.34,NA,NA,NA
2024-12-07,0.442,0.807844,42.065,-0.767,0.875225,41.432,-1.232,NA,NA,NA
2024-12-07 01:00:00,0.438,0.790003,41.7,-0.625,0.868544,41.875,-1.19,NA,NA,NA
2024-12-07 02:00:00,0.381,0.798589,41.507,-0.568,0.856388,42.295,-1.273,NA,NA,NA
2024-12-07 03:00:00,0.318,0.793044,43.343,-0.587,0.83521,43.345,-1.2,NA,NA,NA
2024-12-07 04:00:00,0.296,0.787578,46.978,-0.667,0.813424,46.412,-1.257,NA,NA,NA
2024-12-07 05:00:00,0.228,0.781793,48.69,-0.957,0.837524,49.9,-1.76,NA,NA,NA
2024-12-07 06:00:00,0.225,0.788259,48.13,-1.128,0.841537,50.442,-2.123,NA,NA,NA
2024-12-07 07:00:00,0.189,0.798325,47.355,-1.257,0.872012,50.343,-2.497,NA,NA,NA
2024-12-07 08:00:00,0.184,0.793883,46.365,-0.99,0.830086,49.343,-2.407,NA,NA,NA
2024-12-07 09:00:00,0.192,0.800093,47.26,-1.12,0.813153,49.015,-2.248,NA,NA,NA
2024-12-07 10:00:00,0.247,0.800481,49.765,-1.192,0.813774,50.393,-2.033,NA,NA,NA
2024-12-07 11:00:00,0.366,0.809777,53.29,-1.587,0.831247,53.507,-2.23,NA,NA,NA
2024-12-07 12:00:00,0.418,0.816743,54.182,-1.468,0.840733,52.53,-1.482,NA,NA,NA
2024-12-07 13:00:00,0.401,0.818165,52.518,-0.605,0.857727,47.967,0.18,NA,NA,NA
2024-12-07 14:00:00,0.424,0.813979,45.633,1.972,0.850961,39.955,3.263,NA,NA,NA
2024-12-07 15:00:00,0.406,0.851672,40.09,4.163,0.848093,34.83,5.532,NA,NA,NA
2024-12-07 16:00:00,0.427,0.815464,36.918,5.53,0.830902,32.078,7.242,NA,NA,NA
2024-12-07 17:00:00,0.399,0.794415,35.363,6.398,0.816648,31.012,7.812,NA,NA,NA
2024-12-07 18:00:00,0.405,0.770673,34.075,6.977,0.81365,30.132,8.347,NA,NA,NA
2024-12-07 19:00:00,0.402,0.775526,33.758,7.163,0.827894,30.348,8.178,NA,NA,NA
2024-12-07 20:00:00,0.568,0.811249,38.727,5.103,0.824839,35.843,5.908,NA,NA,NA
2024-12-07 21:00:00,0.612,0.895585,43.698,3.668,0.897492,41.715,3.775,NA,NA,NA
2024-12-07 22:00:00,0.663,0.918703,46.868,2.888,0.95436,45.413,2.81,NA,NA,NA
2024-12-07 23:00:00,0.751,0.96807,48.683,2.463,0.961582,46.517,2.557,NA,NA,NA
2024-12-08,0.856,0.983451,49.637,2.115,0.962564,47.06,2.392,NA,NA,NA
2024-12-08 01:00:00,0.495,0.942376,50.317,2.045,0.960115,47.173,2.34,NA,NA,NA
2024-12-08 02:00:00,0.492,0.933275,50.123,2.487,1.062792,47.217,2.573,NA,NA,NA
2024-12-08 03:00:00,0.809,0.949227,51.452,2.553,1.025235,47.712,2.707,NA,NA,NA
2024-12-08 04:00:00,0.373,0.864534,55.817,2.467,0.854876,52.787,2.713,NA,NA,NA
2024-12-08 05:00:00,0.331,0.764927,66.138,1.913,0.795639,66.435,1.848,NA,NA,NA
2024-12-08 06:00:00,0.247,0.757637,69.572,1.71,0.813434,69.4,1.605,NA,NA,NA
2024-12-08 07:00:00,0.235,0.75879,70.298,1.982,0.823709,70.548,1.795,NA,NA,NA
2024-12-08 08:00:00,0.202,0.741318,74.525,2.09,0.809742,73.88,1.905,NA,NA,NA
2024-12-08 09:00:00,0.181,0.717011,70.702,2.942,0.799397,71.735,2.623,NA,NA,NA
2024-12-08 10:00:00,0.211,0.73479,62.682,3.823,0.829591,66.477,3.38,NA,NA,NA
2024-12-08 11:00:00,0.289,0.735676,55.655,5.365,0.848894,59.833,4.253,NA,NA,NA
2024-12-08 12:00:00,0.247,0.706513,53.152,7.03,0.805565,53.472,6.217,NA,NA,NA
2024-12-08 13:00:00,0.266,0.699199,50.318,7.657,0.785415,48.202,7.445,NA,NA,NA
2024-12-08 14:00:00,0.284,0.698676,43.935,8.082,0.775122,42.16,7.968,NA,NA,NA
2024-12-08 15:00:00,0.333,0.723968,39.995,8.682,0.79501,37.505,9.037,NA,NA,NA
2024-12-08 16:00:00,0.343,0.732654,35.517,10.118,0.800433,32.003,11.487,NA,NA,NA
2024-12-08 17:00:00,0.372,0.743779,35.365,10.45,0.793511,32.52,11.347,NA,NA,NA
2024-12-08 18:00:00,0.38,0.742288,34.5,11.352,0.805226,32.832,11.908,NA,NA,NA
2024-12-08 19:00:00,0.423,0.738817,36.093,10.972,0.805264,33.863,11.622,NA,NA,NA
2024-12-08 20:00:00,0.416,0.754013,38.132,10.703,0.80353,36.163,11.192,NA,NA,NA
2024-12-08 21:00:00,0.481,0.806193,42.473,9.102,0.82008,40.803,9.338,NA,NA,NA
2024-12-08 22:00:00,0.473,0.824987,44.793,8.46,0.863296,43.38,8.393,NA,NA,NA
2024-12-08 23:00:00,0.414,0.827435,44.023,9.22,0.939225,43.248,8.902,NA,NA,NA
2024-12-09,0.388,0.777008,44.352,9.642,0.858596,43.862,9.148,NA,NA,NA
2024-12-09 01:00:00,0.354,0.771178,47.315,9.157,0.874396,47.06,8.693,NA,NA,NA
2024-12-09 02:00:00,0.394,0.760365,50.063,8.693,0.798367,51.4,8.067,NA,NA,NA
2024-12-09 03:00:00,0.398,0.752869,53.292,7.923,0.862491,54.562,7.437,NA,NA,NA
2024-12-09 04:00:00,0.533,0.828705,57.703,6.783,0.882237,59.442,6.192,NA,NA,NA
2024-12-09 07:00:00,0.499,0.923299,72.837,2.972,1.057622,74.862,2.115,NA,NA,NA
2024-12-09 08:00:00,0.508,1.056371,75.153,2.593,1.274123,80.128,0.983,NA,NA,NA
2024-12-09 09:00:00,0.549,1.106916,74.897,2.745,1.255906,81.457,0.77,NA,NA,NA
2024-12-09 10:00:00,0.611,1.090795,79.47,1.81,1.275726,82.008,0.663,NA,NA,NA
2024-12-09 15:00:00,0.467,0.976352,55.195,9.475,1.268457,50.542,10.338,NA,NA,NA
2024-12-09 16:00:00,0.237,0.867256,43.287,13.522,0.902664,40.008,13.61,NA,NA,NA
2024-12-09 17:00:00,0.18,0.73903,41.942,12.995,0.819531,40.663,13.263,NA,NA,NA
2024-12-09 18:00:00,0.204,0.705584,45.23,11.428,0.772694,44.347,11.435,NA,NA,NA
2024-12-09 20:00:00,0.288,0.727063,60.498,9.027,0.806269,58.06,9.26,NA,NA,NA
2024-12-09 21:00:00,0.255,0.726284,74.693,7.293,0.863074,72.983,7.488,NA,NA,NA
2024-12-09 22:00:00,0.217,0.722112,82.98,6.503,0.826596,80.798,6.852,NA,NA,NA
2024-12-09 23:00:00,0.205,0.713764,86.895,6.347,0.814576,84.088,6.71,NA,NA,NA
2024-12-10,0.228,0.697904,88.503,6.707,0.797174,85.715,6.928,NA,NA,NA
2024-12-10 01:00:00,0.354,0.6909,89.275,7.115,0.806127,86.278,7.34,NA,NA,NA
2024-12-10 02:00:00,0.36,0.699471,89.6,7.27,0.80528,86.677,7.673,NA,NA,NA
2024-12-10 03:00:00,0.386,0.69922,90.03,7.555,0.783362,86.792,7.955,NA,NA,NA
2024-12-10 04:00:00,0.315,0.707194,90.753,7.78,0.781645,87.222,8.098,NA,NA,NA
2024-12-10 05:00:00,0.284,0.687748,91.39,7.823,0.785486,87.633,8.175,NA,NA,NA
2024-12-10 06:00:00,0.222,0.691054,91.23,7.973,0.790006,87.522,8.322,NA,NA,NA
2024-12-10 07:00:00,0.233,0.697214,90.402,7.988,0.76055,86.323,8.323,NA,NA,NA
2024-12-10 08:00:00,0.244,0.675564,89.388,7.655,0.745549,85.527,7.935,NA,NA,NA
2024-12-10 09:00:00,0.225,0.672634,88.255,7.327,0.735279,83.255,7.322,NA,NA,NA
2024-12-10 10:00:00,0.351,0.711586,85.043,5.64,0.73694,82.307,5.112,NA,NA,NA
2024-12-10 11:00:00,0.456,0.722106,87.892,3.842,0.768211,84.595,3.743,NA,NA,NA
2024-12-10 12:00:00,0.488,0.719556,88.762,3.338,0.812695,85.79,3.267,NA,NA,NA
2024-12-10 13:00:00,0.489,0.724241,88.883,3.188,0.802151,85.835,3.213,NA,NA,NA
2024-12-10 14:00:00,0.477,0.731061,88.985,3.197,0.785636,84.672,3.457,NA,NA,NA
2024-12-10 15:00:00,0.442,0.755274,87.118,3.3,0.818676,84.032,3.588,NA,NA,NA
2024-12-10 16:00:00,0.403,0.732023,86.805,3.338,0.788518,82.878,3.787,NA,NA,NA
2024-12-10 17:00:00,0.402,0.740388,86.73,3.54,0.786343,81.737,4.038,NA,NA,NA
2024-12-10 18:00:00,0.314,0.757334,85.848,3.885,0.80754,81.667,4.113,NA,NA,NA
2024-12-10 19:00:00,0.351,0.755525,86.578,3.918,0.824428,82.225,4.16,NA,NA,NA
2024-12-11 02:00:00,0.337,0.759283,91.968,3.593,0.850313,89.238,3.8,NA,NA,NA
2024-12-11 03:00:00,0.419,0.768699,92.012,3.985,0.884837,88.8,4.26,NA,NA,NA
2024-12-11 04:00:00,0.325,0.789731,92.3,4.34,0.90649,88.892,4.553,NA,NA,NA
2024-12-11 05:00:00,0.384,0.792791,92.842,4.647,0.973556,89.262,4.85,NA,NA,NA
2024-12-11 06:00:00,0.323,0.807155,93.317,5.077,0.900558,89.063,5.212,NA,NA,NA
2024-12-11 07:00:00,0.359,0.801711,92.93,5.438,0.975761,89.035,5.375,NA,NA,NA
2024-12-11 08:00:00,0.475,0.80445,93.032,5.78,0.909958,88.892,5.693,NA,NA,NA
2024-12-11 09:00:00,0.504,0.913466,91.827,6.007,0.91503,88.242,5.933,NA,NA,NA
2024-12-11 10:00:00,0.68,1.009645,91.552,6.102,1.036522,87.92,6.225,NA,NA,NA
2024-12-11 11:00:00,0.787,1.093417,91.527,6.453,1.008451,88.125,6.152,NA,NA,NA
2024-12-11 12:00:00,0.912,0.989916,91.74,6.45,1.066563,87.89,5.957,NA,NA,NA
2024-12-11 17:00:00,0.181,0.682183,92.923,16.023,0.786963,88.725,16.79,NA,NA,NA
2024-12-11 18:00:00,0.246,0.666828,92.097,16.473,0.779017,89.203,16.88,NA,NA,NA
2024-12-11 19:00:00,0.234,0.677757,92.14,16.587,0.769708,88.948,17.19,NA,NA,NA
2024-12-11 20:00:00,0.163,0.649776,89.847,16.283,0.746551,86.773,17.467,NA,NA,NA
2024-12-11 21:00:00,0.212,0.656693,92.655,16.198,0.753876,88.873,17.16,NA,NA,NA
2024-12-11 22:00:00,0.174,0.638969,91.33,16.597,0.725629,88.035,17.213,NA,NA,NA
2024-12-11 23:00:00,0.158,0.637077,91.187,16.328,0.721998,88.138,16.757,NA,NA,NA
2024-12-12,0.185,0.639786,90.995,15.688,0.711275,87.805,16.13,NA,NA,NA
2024-12-12 01:00:00,0.185,0.634407,91.763,14.918,0.705443,88.39,15.308,NA,NA,NA
2024-12-12 02:00:00,0.223,0.642053,92.5,14.507,0.730574,89.273,14.813,NA,NA,NA
2024-12-12 03:00:00,0.245,0.64853,93.095,14.3,0.730012,89.853,14.61,NA,NA,NA
2024-12-12 04:00:00,0.149,0.640795,92.615,13.747,0.745426,89.543,14.488,NA,NA,NA
2024-12-12 05:00:00,0.203,0.652746,85.133,12.923,0.697458,80.908,13.112,NA,NA,NA
2024-12-12 06:00:00,0.178,0.664085,70.592,7.492,0.681276,72.005,7.5,NA,NA,NA
2024-12-12 07:00:00,0.157,0.673789,68.767,5.837,0.69748,70.388,5.495,NA,NA,NA
2024-12-12 08:00:00,0.18,0.683522,69.707,5.255,0.7063,70.398,4.805,NA,NA,NA
2024-12-12 09:00:00,0.203,0.687281,66.568,5.138,0.715268,67.622,4.777,NA,NA,NA
2024-12-12 10:00:00,0.338,0.705591,62.9,4.565,0.727311,63.553,4.25,NA,NA,NA
2024-12-12 11:00:00,0.43,0.731851,69.13,3.993,0.759166,67.517,3.853,NA,NA,NA
2024-12-12 12:00:00,0.422,0.750097,64.423,3.583,0.761744,63.848,3.98,NA,NA,NA
2024-12-12 13:00:00,0.364,0.747623,52.058,4.533,0.758465,48.803,5.667,NA,NA,NA
2024-12-12 14:00:00,0.314,0.731984,41.228,6.385,0.746993,39.845,7.013,NA,NA,NA
2024-12-12 15:00:00,0.301,0.725929,35.86,7.353,0.753269,34.417,7.9,NA,NA,NA
2024-12-12 16:00:00,0.286,0.745223,35.343,7.508,0.782619,35.973,7.015,NA,NA,NA
2024-12-12 17:00:00,0.297,0.752498,35.76,7.442,0.767489,36.297,7.105,NA,NA,NA
2024-12-12 18:00:00,0.316,0.752297,32.627,8.173,0.776174,32.942,8.202,NA,NA,NA
2024-12-12 19:00:00,0.321,0.758563,31.375,8.058,0.776238,31.02,8.353,NA,NA,NA
2024-12-12 20:00:00,0.342,0.773167,31.857,6.997,0.773232,28.925,7.448,NA,NA,NA
2024-12-12 21:00:00,0.348,0.777868,28.175,5.032,0.792233,27.69,5.015,NA,NA,NA
2024-12-12 22:00:00,0.347,0.771164,30.645,3.882,0.799615,30.712,3.472,NA,NA,NA
2024-12-12 23:00:00,0.306,0.756401,31.457,3.112,0.780867,31.563,2.707,NA,NA,NA
2024-12-13,0.313,0.763231,33.523,2.122,0.81648,35.153,1.64,NA,NA,NA
2024-12-13 01:00:00,0.435,0.797088,35.458,1.23,0.81538,33.665,0.688,NA,NA,NA
2024-12-13 02:00:00,0.401,0.783335,34.047,0.535,0.842968,35.375,-0.29,NA,NA,NA
2024-12-13 03:00:00,0.362,0.796359,36.768,-0.148,0.848459,38.062,-1.098,NA,NA,NA
2024-12-13 04:00:00,0.384,0.804706,39,-0.842,0.809634,39.223,-1.53,NA,NA,NA
2024-12-13 08:00:00,0.285,0.869771,46.047,-1.923,0.902595,51.272,-3.002,NA,NA,NA
2024-12-13 09:00:00,0.399,0.892873,44.108,-1.237,0.862553,48.025,-2.105,NA,NA,NA
2024-12-13 10:00:00,0.474,0.933038,42.093,-0.93,0.860778,45.415,-1.568,NA,NA,NA
2024-12-13 11:00:00,0.544,0.956111,44.598,-0.94,0.890491,44.247,-1.337,NA,NA,NA
2024-12-13 12:00:00,0.537,0.909712,46.758,-1.488,0.887275,46.342,-1.512,NA,NA,NA
2024-12-13 13:00:00,0.493,0.913345,43.417,-0.695,0.875181,39.292,1.135,NA,NA,NA
2024-12-13 14:00:00,0.404,0.893724,36.508,1.207,0.843628,33.915,2.48,NA,NA,NA
2024-12-13 15:00:00,0.361,0.840133,33.283,1.97,0.866836,30.083,3.655,NA,NA,NA
2024-12-13 16:00:00,0.342,0.80977,30.615,2.605,0.828578,27.193,4.505,NA,NA,NA
2024-12-13 17:00:00,0.324,0.808148,29.64,2.92,0.853273,26.848,4.262,NA,NA,NA
2024-12-13 18:00:00,0.333,0.806709,28.597,2.808,0.82848,26.255,4.362,NA,NA,NA
2024-12-13 19:00:00,0.394,0.805808,28.03,2.742,0.845128,26.13,4.167,NA,NA,NA
2024-12-13 20:00:00,0.406,0.816122,28.94,2.175,0.797769,26.537,3.315,NA,NA,NA
2024-12-13 21:00:00,0.388,0.797459,30.555,0.345,0.820103,31.568,0.298,NA,NA,NA
2024-12-13 22:00:00,0.426,0.809749,33.423,-0.492,0.830974,36.458,-1.492,NA,NA,NA
2024-12-13 23:00:00,0.593,0.860656,36.363,-1.133,0.897049,40.95,-2.457,NA,NA,NA
2024-12-14,0.534,0.860528,39.022,-1.627,0.886221,43.738,-2.927,NA,NA,NA
2024-12-14 01:00:00,0.588,0.874537,42.362,-2.132,0.904399,47.963,-3.64,NA,NA,NA
2024-12-14 02:00:00,0.55,0.883736,45.772,-2.788,0.918715,51.572,-4.153,NA,NA,NA
2024-12-14 03:00:00,0.555,0.885458,47.778,-3.213,0.916192,55.048,-4.723,NA,NA,NA
2024-12-14 04:00:00,0.628,0.89115,49.397,-3.403,0.899211,57.847,-5.208,NA,NA,NA
2024-12-14 05:00:00,0.464,0.898412,51.39,-3.693,0.93403,59.807,-5.515,NA,NA,NA
2024-12-14 06:00:00,0.287,0.8874,52.785,-3.977,1.075193,61.505,-5.752,NA,NA,NA
2024-12-14 07:00:00,0.294,0.889523,54.52,-4.342,1.009466,61.362,-5.787,NA,NA,NA
2024-12-14 08:00:00,0.308,0.861512,56.64,-4.697,1.054219,65.977,-6.61,NA,NA,NA
2024-12-14 09:00:00,0.483,0.870371,58.308,-4.988,1.13206,68.628,-6.905,NA,NA,NA
2024-12-14 10:00:00,0.5,0.886028,60.898,-5.57,0.845946,71.013,-7.443,NA,NA,NA
2024-12-14 11:00:00,0.638,0.910064,61.877,-5.705,0.870649,71.048,-7.277,NA,NA,NA
2024-12-14 12:00:00,0.536,0.915495,59.287,-5.135,0.872273,64.57,-5.895,NA,NA,NA
2024-12-14 13:00:00,0.559,0.90853,52.603,-3.327,0.863441,46.947,-1.218,NA,NA,NA
2024-12-14 14:00:00,0.424,0.919373,41.822,-0.185,0.83355,35.912,2.088,NA,NA,NA
2024-12-14 15:00:00,0.385,0.816542,37.585,1.2,0.809095,32.837,3.372,NA,NA,NA
2024-12-14 16:00:00,0.43,0.789892,33.308,2.973,0.802659,28.753,4.978,NA,NA,NA
2024-12-14 17:00:00,0.431,0.764704,31.025,4.017,0.827197,26.935,6.06,NA,NA,NA
2024-12-14 18:00:00,0.457,0.739383,29.458,4.552,0.858384,26.122,6.377,NA,NA,NA
2024-12-14 19:00:00,0.471,0.736744,29.178,4.452,0.858228,26.105,6.177,NA,NA,NA
2024-12-14 20:00:00,0.509,0.746126,30.603,3.35,0.914125,27.582,4.79,NA,NA,NA
2024-12-14 21:00:00,0.724,0.832205,35.478,0.83,1.253083,36.247,1.218,NA,NA,NA
2024-12-14 22:00:00,0.963,0.84142,40.983,-0.437,1.309412,45.69,-1.613,NA,NA,NA
2024-12-15 07:00:00,0.711,1.094264,61.127,-4.698,1.331058,82.137,-7.458,NA,NA,NA
2024-12-15 09:00:00,0.639,NA,NA,NA,1.292124,82.963,-7.78,NA,NA,NA
2024-12-15 10:00:00,0.678,NA,NA,NA,1.135988,84.025,-8.183,NA,NA,NA
2024-12-15 11:00:00,0.765,NA,NA,NA,1.186895,84.037,-8.438,NA,NA,NA
2024-12-15 13:00:00,0.641,NA,NA,NA,1.209746,54.695,-1.838,NA,NA,NA
2024-12-15 14:00:00,0.674,1.159487,40.655,0.24,1.004043,37.307,2.33,NA,NA,NA
2024-12-15 15:00:00,0.645,1.027136,33.86,3.233,0.922638,29.307,5.502,NA,NA,NA
2024-12-15 16:00:00,0.597,0.882084,29.207,6.003,0.860373,26.417,8.027,NA,NA,NA
2024-12-15 17:00:00,0.365,0.790604,30.617,6.807,0.825875,29.473,7.577,NA,NA,NA
2024-12-15 18:00:00,0.269,0.721372,36.143,5.093,0.865149,32.652,5.86,NA,NA,NA
2024-12-15 19:00:00,0.261,0.734401,33.208,4.723,0.830397,31.39,5.668,NA,NA,NA
2024-12-15 20:00:00,0.333,0.723302,38.458,2.813,0.824552,37.485,3.673,NA,NA,NA
2024-12-15 21:00:00,0.426,0.738742,46.417,1.475,0.884024,44.163,1.872,NA,NA,NA
2024-12-15 22:00:00,0.608,0.780251,51.112,0.837,1.006773,46.452,1.172,NA,NA,NA
2024-12-15 23:00:00,0.728,0.959158,52.882,0.975,1.103764,48.53,1.088,NA,NA,NA
2024-12-16 07:00:00,0.811,0.909771,65.567,1.705,1.216926,62.365,1.188,NA,NA,NA
2024-12-16 08:00:00,0.513,0.80304,66.132,1.875,1.156574,63.557,1.313,NA,NA,NA
2024-12-16 09:00:00,0.769,0.809639,67.507,2.193,1.110424,65.797,1.34,NA,NA,NA
2024-12-16 14:00:00,0.846,1.078245,80.775,3.567,1.105688,75.797,3.968,NA,NA,NA
2024-12-16 15:00:00,0.67,0.957828,82.548,4.453,1.084507,78.672,4.808,NA,NA,NA
2024-12-16 16:00:00,0.497,0.840705,83.41,5.535,1.025994,79.705,5.778,NA,NA,NA
2024-12-16 17:00:00,0.451,0.864642,83.055,6.897,0.889215,80.32,6.895,NA,NA,NA
2024-12-16 18:00:00,0.295,0.839011,76.033,8.367,0.8236,77.9,7.83,NA,NA,NA
2024-12-16 19:00:00,0.235,0.828899,74.423,8.36,0.80515,74.145,8.125,NA,NA,NA
2024-12-16 20:00:00,0.226,0.903589,77.62,7.742,0.821811,75.733,7.815,NA,NA,NA
2024-12-16 21:00:00,0.252,0.792123,80.535,7.258,0.79938,77.867,7.51,NA,NA,NA
2024-12-16 22:00:00,0.204,0.991301,83.485,7.1,0.786467,80.485,7.342,NA,NA,NA
2024-12-16 23:00:00,0.182,0.919798,87.002,7.158,0.792322,83.775,7.242,NA,NA,NA
2024-12-17,0.191,0.986019,89.132,7.703,0.796006,86.298,7.44,NA,NA,NA
2024-12-17 01:00:00,0.177,0.963381,88.643,8.315,0.834109,87.555,7.945,NA,NA,NA
2024-12-17 02:00:00,0.175,0.945399,90.51,8.597,0.77403,88.035,8.988,NA,NA,NA
2024-12-17 03:00:00,0.169,0.929718,90.14,8.873,0.754377,88.098,9.547,NA,NA,NA
2024-12-17 04:00:00,0.147,0.805213,91.892,9.888,0.75999,88.78,10.15,NA,NA,NA
2024-12-17 05:00:00,0.148,0.723666,90.925,11.015,0.737123,89.188,11,NA,NA,NA
2024-12-17 06:00:00,0.146,0.673356,91.882,11.623,0.72326,89.927,11.827,NA,NA,NA
2024-12-17 07:00:00,0.147,0.669193,91.55,12.283,0.718339,89.622,12.638,NA,NA,NA
2024-12-17 08:00:00,0.153,0.691278,91.557,12.49,0.715115,89.347,13.052,NA,NA,NA
2024-12-17 09:00:00,0.227,0.646689,92.42,13.38,0.714313,89.207,13.687,NA,NA,NA
2024-12-17 10:00:00,0.303,0.650729,91.065,13.905,0.733933,89.005,13.92,NA,NA,NA
2024-12-17 11:00:00,0.357,0.666296,89.385,14.19,0.738774,87.175,14.253,NA,NA,NA
2024-12-17 12:00:00,0.389,0.701595,87.588,14.107,0.744122,84.795,14.302,0.754405,85.778,13.992
2024-12-17 13:00:00,0.391,0.716186,84.245,14.078,0.754683,81.717,14.182,0.740072,82.692,13.952
2024-12-17 14:00:00,0.373,0.71717,81.24,14.04,0.762251,77.933,14.407,0.734513,78.917,14.158
2024-12-17 15:00:00,0.369,0.725462,73.32,15.345,0.777728,70.332,15.668,0.753998,68.56,16.053
2024-12-17 16:00:00,0.378,0.746952,63.165,17.423,0.788258,60.38,17.843,0.744177,58.175,18.155
2024-12-17 17:00:00,0.423,0.760826,55.582,19.197,0.779123,51.445,19.982,0.733827,51.633,19.552
2024-12-17 18:00:00,0.412,0.723502,50.362,19.265,0.747855,45.722,19.613,0.696873,43.153,20.518
2024-12-17 19:00:00,0.444,0.705034,44.093,17.942,0.752917,42.702,18.957,0.688329,42.412,19.163
2024-12-17 20:00:00,0.439,0.783868,47.267,16.818,0.810157,43.388,17.653,0.7675,43.372,17.188
2024-12-17 21:00:00,0.512,0.958273,54.778,14.313,0.805255,48.65,14.692,0.818007,52.295,13.685
2024-12-17 22:00:00,0.571,0.947486,57.403,12.543,0.975242,55.795,12.347,1.068073,64.115,10.475
2024-12-17 23:00:00,0.625,0.980601,61.23,11.272,1.110885,63.843,10.502,0.889508,67.882,9.428
2024-12-18,0.569,1.021244,65.937,10.073,1.034046,66.942,9.747,0.860083,67.747,9.303
2024-12-18 01:00:00,0.544,0.853025,64.923,10.44,0.980859,69.945,9.188,0.80847,68.192,9.293
2024-12-18 02:00:00,0.432,0.834457,65.087,10.485,0.900091,71.532,8.868,0.865254,70.8,8.788
2024-12-18 03:00:00,0.433,0.798401,64.527,9.343,0.9312,70.388,8.173,0.797615,70.792,7.622
2024-12-18 04:00:00,0.381,0.781595,64.332,8.167,0.870612,70.67,6.897,0.742066,69.145,6.31
2024-12-18 05:00:00,0.411,0.80409,66.185,6.99,1.037963,75.642,5.447,0.758598,71.045,5.35
2024-12-18 07:00:00,0.469,0.879703,74.303,4.805,1.272826,88.08,2.63,0.845487,80.445,2.932
2024-12-18 08:00:00,0.476,0.971593,82.12,3.708,1.222501,88.702,1.958,0.906106,86.545,1.767
2024-12-18 11:00:00,0.841,NA,NA,NA,1.243273,90.252,0.595,NA,NA,NA
2024-12-18 14:00:00,0.644,NA,NA,NA,1.082711,51.66,10.543,NA,NA,NA
2024-12-18 15:00:00,0.446,1.10299,47.628,13.075,0.820575,40.373,13.767,0.732591,35.615,15.163
2024-12-18 16:00:00,0.376,0.814807,40.638,13.732,0.754599,37.263,14.377,0.676558,34.162,15.572
2024-12-18 17:00:00,0.42,0.748659,38.16,14.128,0.748782,36.423,14.893,0.681471,35.422,14.835
2024-12-18 18:00:00,0.408,0.737954,39.462,14.157,0.758428,36.978,14.897,0.709093,36.088,15.13
2024-12-18 19:00:00,0.23,1.088953,47.362,13.162,0.7669,39.235,14.697,0.733046,37.508,14.885
2024-12-18 20:00:00,0.257,1.131336,53.725,11.42,0.789429,48.083,12.265,0.777223,43.217,12.815
2024-12-18 21:00:00,0.249,1.10309,68.933,8.582,0.900675,57.188,9.855,0.815328,54.972,9.802
2024-12-18 22:00:00,0.342,1.124827,75.732,7.332,0.882239,65.88,8.35,0.916529,64.763,8.013
2024-12-18 23:00:00,0.293,0.753714,70.588,7.757,0.893437,65.222,8.238,0.914875,66.46,7.813
2024-12-19,0.413,0.834917,70.022,8.162,0.8768,67.467,8.38,0.881614,68.083,8.238
2024-12-19 01:00:00,0.525,0.83067,84.117,7.232,0.967402,81.135,7.43,0.906229,83.023,7.163
2024-12-19 02:00:00,0.455,0.784716,89.12,6.615,0.864147,86.002,6.9,0.852185,87.53,6.667
2024-12-19 03:00:00,0.388,0.773561,90.037,6.67,0.827154,87.102,6.87,0.818808,89.073,6.583
2024-12-19 04:00:00,0.352,0.76564,89.553,6.873,0.877183,87.433,7.077,0.790773,89.235,6.775
2024-12-19 05:00:00,0.341,0.759599,88.917,7,0.864784,86.232,7.153,0.787993,88.312,6.78
2024-12-19 06:00:00,0.286,0.806808,87.21,6.828,0.883218,85.725,6.828,0.764822,87.35,6.492
2024-12-19 07:00:00,0.238,0.769423,85.427,6.528,0.871062,84.762,6.45,0.743206,86.752,5.866
2024-12-19 08:00:00,0.307,0.748635,85.427,6.063,0.860407,85.195,5.985,NA,NA,NA
2024-12-19 09:00:00,0.35,0.768535,85.638,5.978,0.805587,85.752,5.727,NA,NA,NA
2024-12-19 10:00:00,0.371,0.735732,79.612,6.003,0.781977,82.003,5.48,0.738257,83.327,5.095
2024-12-19 11:00:00,0.425,0.747547,77.112,5.487,0.774932,81.007,4.687,0.740567,82.453,4.195
2024-12-19 12:00:00,0.443,0.766533,73.607,5.145,0.790353,77.837,4.325,0.77994,80.053,3.762
2024-12-19 13:00:00,0.401,0.775187,68.022,5.857,0.873329,66.422,6.575,0.783222,65.547,6.753
2024-12-19 15:00:00,0.354,0.782469,46.893,8.742,0.753557,43.652,10.058,0.71306,40.625,10.977
2024-12-19 16:00:00,0.34,0.753066,42.412,9.39,0.814462,38,11.29,0.692114,36.143,11.815
2024-12-19 17:00:00,0.361,0.735797,40.17,9.215,0.763962,35.545,11.373,0.692608,32.653,12.1
2024-12-19 18:00:00,0.401,0.731151,37.083,9.77,0.740919,33.403,11.365,0.695742,31.938,11.858
2024-12-19 19:00:00,0.432,0.745792,37.18,8.572,0.755505,34.817,9.328,0.711272,33.777,9.53
2024-12-19 20:00:00,0.418,0.774785,38.707,7.172,0.837236,38.18,7.147,0.768047,38.415,6.987
2024-12-19 21:00:00,0.415,0.788352,42.632,5.957,0.79832,43.423,5.482,0.7993,44.12,5.067
2024-12-19 22:00:00,0.474,0.815327,45.083,5.147,0.81723,47.5,4.405,0.822176,47.398,4.002
2024-12-19 23:00:00,0.601,0.857056,47.968,4.44,1.013485,52.285,3.285,0.912145,52.572,2.923
2024-12-20,0.676,0.89292,50.117,4.015,1.226068,55.83,2.722,1.002451,56.137,2.43
2024-12-20 01:00:00,0.671,0.964344,53.533,3.495,0.954649,58.44,2.375,0.928699,60.728,1.897
2024-12-20 02:00:00,0.57,0.891291,55.548,3.328,0.89169,58.48,2.438,0.903398,61.137,1.995
2024-12-20 03:00:00,0.534,0.901524,55.802,3.29,0.902244,58.238,2.758,0.884319,61.852,1.91
2024-12-20 04:00:00,0.415,0.828206,61.027,2.688,0.85331,62.913,2.277,0.834304,63.218,1.705
2024-12-20 08:00:00,0.252,0.726575,64.353,0.717,0.805966,61.502,0.703,0.754223,60.947,0.288
2024-12-20 09:00:00,0.25,0.720871,65.107,0.555,0.785405,63.532,0.592,0.758149,63.05,0.15
2024-12-20 10:00:00,0.402,0.73042,68.183,0.688,0.8061,65.632,0.642,0.773442,65.253,0.308
2024-12-20 11:00:00,0.506,0.745228,70.403,1.055,0.84804,66.783,1.012,0.824971,66.877,0.587
2024-12-20 12:00:00,0.635,0.765565,71.455,1.635,0.85278,67.282,1.447,0.831719,67.318,1.032
2024-12-20 13:00:00,0.568,0.755693,73.333,2.257,0.866199,67.348,2.082,0.833446,67.375,1.743
2024-12-20 14:00:00,0.517,0.750933,76.42,2.698,0.824458,70.865,2.513,0.79658,70.41,2.178
2024-12-20 15:00:00,0.448,0.739554,78.832,2.877,0.804306,73.948,2.86,0.789263,73.533,2.5
2024-12-20 16:00:00,0.412,0.743988,82.523,2.885,0.828348,76.677,3.203,0.806286,76.59,2.73
2024-12-20 17:00:00,0.498,0.756722,84.788,2.493,0.837076,80.787,2.565,0.819669,81.012,2.312
2024-12-20 18:00:00,0.409,0.73813,86.075,1.683,0.841356,82.055,1.805,0.77803,81.863,1.535
2024-12-20 19:00:00,0.455,0.724386,86.732,1.027,0.805345,81.62,1.397,0.809097,82.403,1.027
2024-12-20 20:00:00,0.385,0.74375,88.18,0.738,0.808767,82.537,1.138,0.780695,83.587,0.752
2024-12-20 21:00:00,0.381,0.745467,87.795,0.51,0.812232,82.273,0.892,0.781193,82.932,0.528
2024-12-20 22:00:00,0.367,0.747555,86.055,0.267,0.799621,81.435,0.573,0.763964,82.058,0.207
2024-12-20 23:00:00,0.336,0.735362,86.792,-0.213,0.782859,81.062,0.17,0.752823,81.415,-0.105
2024-12-21,0.337,0.723751,85.382,-0.387,0.782589,80.733,-0.037,0.752629,80.523,-0.327
2024-12-21 01:00:00,0.314,0.711586,87.212,-0.203,0.789566,82.37,0.145,0.747843,82.845,-0.298
2024-12-21 02:00:00,0.315,0.71563,84.443,-0.275,0.794584,80.667,-0.028,0.747478,80.347,-0.315
2024-12-21 03:00:00,0.289,0.729216,84.327,-0.867,0.797168,80.567,-0.572,0.742914,80.575,-0.843
2024-12-21 04:00:00,0.26,0.714068,83.227,-0.957,0.784893,78.985,-0.598,0.732676,79.208,-0.782
2024-12-21 05:00:00,0.221,0.699773,82.383,-1.052,0.780216,78.427,-0.703,0.722784,78.455,-0.915
2024-12-21 06:00:00,0.215,0.70598,80.538,-1.395,0.812036,76.933,-1.015,0.716334,77.258,-1.313
2024-12-21 07:00:00,0.199,0.697898,78.113,-1.718,0.804327,75.477,-1.427,0.716026,75.487,-1.858
2024-12-21 08:00:00,0.219,0.69844,77.252,-2.297,0.876836,75.725,-2.082,0.721117,75.81,-2.475
2024-12-21 09:00:00,0.205,0.701443,74.922,-2.385,0.836733,73.233,-2.082,0.719698,73.983,-2.5
2024-12-21 10:00:00,0.253,0.729212,72.29,-2.368,0.827164,72.365,-2.333,0.716136,73.498,-2.69
2024-12-21 11:00:00,0.314,0.748228,75.11,-2.323,0.790906,76.593,-2.578,0.73041,77.173,-2.888
2024-12-21 12:00:00,0.376,0.862015,77.198,-2.045,0.847245,77.688,-2.203,0.762954,78.432,-2.5
2024-12-21 13:00:00,0.442,0.807199,74.978,-1.142,0.916258,75.043,-1.13,0.770745,74.645,-1.267
2024-12-21 14:00:00,0.458,0.813223,67.15,-0.013,0.913353,64.913,0.55,0.763524,64.232,0.342
2024-12-21 15:00:00,0.388,0.782623,62.565,0.535,0.86891,60.355,1.127,0.757133,59.038,1.032
2024-12-21 16:00:00,0.35,0.772977,61.892,0.41,0.866113,60.515,1.138,0.758756,56.5,1.258
2024-12-21 17:00:00,0.344,0.757973,58.725,-0.183,0.856287,56.24,0.613,0.746782,52.515,0.93
2024-12-21 18:00:00,0.341,0.755175,49.598,0.462,0.850481,46.88,1.265,0.737853,44.982,1.07
2024-12-21 19:00:00,0.36,0.748633,42.485,0.718,0.845901,42.028,1.493,0.739226,41.392,0.747
2024-12-21 20:00:00,0.324,0.761657,42.917,-0.68,0.85735,41.847,0.33,0.741467,41.65,-0.588
2024-12-21 21:00:00,0.318,0.768801,44.628,-2.342,0.844028,45.42,-2.548,0.767661,45.393,-3.008
2024-12-21 22:00:00,0.363,0.801114,49.412,-3.385,0.910792,51.61,-4.033,0.78514,52.232,-4.323
2024-12-21 23:00:00,0.422,0.807205,55.407,-3.863,0.986865,57.965,-4.785,0.792277,56.552,-4.973
2024-12-22,0.337,0.776059,50.645,-4.038,0.849861,56.315,-5.037,0.757045,52.6,-5.225
2024-12-22 01:00:00,0.322,0.761189,49.315,-4.542,0.859374,53.038,-5.2,0.757504,52.37,-5.68
2024-12-22 02:00:00,0.302,0.759501,50.853,-5.068,0.876622,54.82,-5.695,0.746819,53.32,-6.232
2024-12-22 03:00:00,0.316,0.752052,50.633,-5.617,0.860842,54.605,-6.295,0.742493,53.555,-6.858
2024-12-22 04:00:00,0.217,0.750381,50.237,-6.215,0.849207,54.272,-6.778,0.730359,52.083,-7.31
2024-12-22 05:00:00,0.196,0.746437,51.04,-6.85,0.835424,53.942,-7.328,0.733548,53.365,-7.898
2024-12-22 06:00:00,0.186,0.749266,52.703,-7.432,0.88018,54.987,-7.993,0.730979,54.32,-8.37
2024-12-22 07:00:00,0.173,0.755188,53.193,-7.962,0.883743,58.483,-8.673,0.735912,55.192,-8.855
2024-12-22 08:00:00,0.165,0.75488,53.83,-8.342,0.808083,58.228,-9.092,0.740224,57.518,-9.56
2024-12-22 09:00:00,0.181,0.751924,53.305,-8.77,0.862685,58.292,-9.47,0.739138,59.443,-10.13
2024-12-22 10:00:00,0.186,0.755281,53.857,-9.188,0.879441,58.905,-10.048,0.734395,58.76,-10.512
2024-12-22 11:00:00,0.213,0.762398,55.065,-9.685,0.847653,59.165,-10.423,0.748222,59.062,-10.883
2024-12-22 12:00:00,0.222,0.764086,54.648,-10.113,0.817751,56.833,-10.243,0.74939,56.273,-10.66
2024-12-22 13:00:00,0.245,0.762302,50.307,-9.393,0.785131,46.382,-7.902,0.747397,45.067,-8.185
2024-12-22 14:00:00,0.287,0.773821,41.81,-7.493,0.808513,38.575,-5.752,0.745634,36.688,-5.905
2024-12-22 15:00:00,0.271,0.775493,38.058,-6.188,0.853959,34.798,-4.278,0.746399,32.08,-4.4
2024-12-22 16:00:00,0.323,0.774316,34.83,-5.13,0.856988,31.755,-2.86,0.75045,28.45,-2.623
2024-12-22 17:00:00,0.323,0.771555,33.67,-4.318,0.819432,29.388,-1.965,0.748499,26.378,-1.712
2024-12-22 18:00:00,0.336,0.764696,32.51,-3.868,0.860671,28.97,-1.838,0.759231,25.598,-0.953
2024-12-22 19:00:00,0.369,0.753087,31.918,-3.73,0.85552,28.577,-1.64,0.75945,25.78,-1.335
2024-12-22 20:00:00,0.395,0.765799,31.992,-4.125,0.903584,30.817,-2.695,0.767381,29.593,-3.655
2024-12-22 21:00:00,0.428,0.779758,36.023,-5.807,0.976379,38.003,-5.587,0.77684,35.425,-6.28
2024-12-22 22:00:00,0.428,0.809186,38.133,-6.592,0.9765,42.837,-7.473,0.785482,39.665,-7.73
2024-12-22 23:00:00,0.453,0.803529,39.958,-7.215,0.96038,44.902,-8.125,0.783951,42.57,-8.453
2024-12-23,0.351,0.809283,43.467,-8.007,0.911546,47.968,-8.798,0.772495,45.477,-9.13
2024-12-23 01:00:00,0.364,0.802059,47.18,-8.802,0.906704,51.242,-9.47,0.773845,49.303,-9.907
2024-12-23 02:00:00,0.362,0.796397,49.555,-9.505,0.905632,54.55,-10.087,0.776969,52.803,-10.757
2024-12-23 03:00:00,0.322,0.796739,51.12,-10.028,0.926719,56.383,-10.553,0.76616,54.362,-11.118
2024-12-23 04:00:00,0.298,0.796032,52.018,-10.34,0.919387,57.605,-10.977,0.771132,57.178,-11.663
2024-12-23 07:00:00,0.217,0.77474,54.338,-10.835,0.864453,60.368,-11.448,0.765142,60.68,-12.525
2024-12-23 08:00:00,0.26,0.780412,57.01,-11.188,0.901063,61.207,-11.677,0.779343,62.748,-12.815
2024-12-23 09:00:00,0.36,0.807695,56.507,-11.3,0.952112,63.842,-12.013,0.775211,63.577,-12.935
2024-12-23 10:00:00,0.574,0.81184,57.258,-11.307,0.984209,63.727,-12.202,0.808269,65.14,-13.188
2024-12-23 11:00:00,0.719,0.824646,57.203,-11.363,1.071114,64.467,-12.317,0.823916,65.318,-13.287
2024-12-23 12:00:00,0.645,0.954536,58.557,-11.273,1.111738,61.547,-11.748,0.845294,62.748,-12.603
2024-12-23 13:00:00,0.657,0.978033,53.587,-9.603,1.027751,46.282,-7.483,0.868185,49.032,-8.807
2024-12-23 14:00:00,0.571,0.888733,40.235,-5.167,0.962137,34.48,-2.99,0.857073,36.13,-4.263
2024-12-23 15:00:00,0.579,0.934339,32.878,-0.9,0.929237,28.023,1.257,0.852065,27.112,0.997
2024-12-23 16:00:00,0.385,0.926647,30.413,2.103,0.866911,28.755,3.142,0.81043,26.323,3.74
2024-12-23 17:00:00,0.426,0.858697,34.443,2.063,0.811826,32.563,2.927,0.774857,29.725,4.238
2024-12-23 18:00:00,0.337,0.935225,37.328,2.335,0.789561,35.228,2.625,0.755675,31.857,3.513
2024-12-23 20:00:00,0.216,0.919928,45.997,0.673,0.821766,42.267,0.842,0.780965,44.628,0.313
2024-12-23 21:00:00,0.235,0.932421,57.27,-2.045,0.867126,55.303,-1.992,0.836007,56.535,-2.483
2024-12-23 22:00:00,0.505,0.80819,65.178,-2.982,0.878206,62.023,-2.803,0.884725,63.195,-3.485
2024-12-23 23:00:00,0.637,0.849555,68.263,-3.538,0.85335,64.768,-3.393,0.871208,66.437,-4.26
2024-12-24,0.613,0.852933,66.788,-3.915,0.86102,65.828,-4.115,0.801827,66.862,-4.942
2024-12-24 01:00:00,0.628,0.847571,65.313,-4.402,0.965211,66.78,-4.715,0.852056,65.977,-5.305
2024-12-24 02:00:00,0.601,0.905241,65.08,-4.675,0.885473,65.342,-5.018,0.83969,67.888,-5.768
2024-12-24 03:00:00,0.449,0.939332,66.758,-4.745,0.923772,67.835,-4.938,0.827483,73.258,-5.348
2024-12-24 04:00:00,0.519,0.909342,69.162,-3.838,1.003807,69.545,-3.155,0.802679,73.268,-3.36
2024-12-24 07:00:00,0.295,0.952316,71.9,-1.18,0.8209,69.407,-1.685,0.806211,71.477,-1.927
2024-12-24 08:00:00,0.275,0.921438,71.565,-1.135,0.941145,71.547,-1.538,0.937597,73.332,-1.572
2024-12-24 09:00:00,0.356,0.840818,70.94,-1.023,1.127667,71.498,-1.138,0.850606,71.92,-0.73
2024-12-24 10:00:00,0.391,0.985413,72.282,-0.895,1.248488,72.405,-0.972,0.95616,71.537,-0.425
2024-12-24 11:00:00,0.606,0.917252,73.417,-0.842,1.333114,74.475,-1.017,1.136611,73.768,-0.892
2024-12-24 12:00:00,0.699,1.137863,75.742,-0.918,1.00094,75.072,-0.203,0.95516,75.668,-0.662
2024-12-24 13:00:00,0.532,0.919515,72.153,0.5,0.836105,64.6,1.62,0.782414,66.075,1.035
2024-12-24 14:00:00,0.414,0.770887,65.702,1.728,0.815274,62.635,1.902,0.772944,64.517,1.492
2024-12-24 15:00:00,0.495,0.774996,73.747,0.978,0.825884,71.512,1.053,0.78497,72.175,0.823
2024-12-24 16:00:00,0.51,0.793829,70.455,1.282,0.852375,68.163,1.392,0.784508,69.688,0.947
2024-12-24 17:00:00,0.58,0.817214,68.91,1.647,0.849908,65.732,2.063,0.822587,66.587,1.737
2024-12-24 18:00:00,0.59,0.835734,64.998,2.515,0.877251,60.6,3.26,0.835248,60.425,3.182
2024-12-24 19:00:00,0.548,0.805204,59.68,3.242,0.834852,55.173,4.303,0.808626,54.755,4.097
2024-12-24 20:00:00,0.51,0.810439,56.883,3.45,0.866029,53.898,4.047,0.795161,53.17,3.865
2024-12-24 21:00:00,0.673,0.875603,62.823,1.573,1.084602,64.748,0.978,0.900374,63.827,0.887
2024-12-24 22:00:00,0.786,0.984864,67.963,0.402,1.251943,71.308,-0.597,1.000055,71.793,-0.867
2024-12-25,0.666,1.003182,70.645,-0.437,1.275095,75.718,-1.575,0.943474,76.383,-2.048
2024-12-25 02:00:00,0.817,0.96493,72.403,-1.492,1.174032,77.09,-2.5,NA,NA,NA
2024-12-25 03:00:00,0.721,0.845645,66.785,-1.257,0.981437,71.147,-2.207,0.955558,78.368,-3.505
2024-12-25 04:00:00,0.494,0.860633,66.497,-1.518,0.911077,70.982,-2.447,0.889608,74.988,-3.392
2024-12-25 05:00:00,0.448,0.848082,67.405,-1.83,0.839602,70.162,-2.307,0.848252,75.195,-3.608
2024-12-25 06:00:00,0.34,0.792493,67.118,-1.612,0.821679,66.835,-1.438,0.814054,71.672,-2.677
2024-12-25 07:00:00,0.246,0.763173,66.178,-1.478,0.81563,64.712,-1.042,0.790575,66.108,-1.695
2024-12-25 08:00:00,0.241,0.748312,66.175,-1.342,0.822922,64.34,-1.028,0.779939,65.107,-1.522
2024-12-25 09:00:00,0.246,0.732165,66.392,-1.422,0.862235,66.065,-1.472,0.772323,64.833,-1.677
2024-12-25 10:00:00,0.261,0.727514,68.19,-2.012,0.829002,68.283,-1.922,0.802668,67.125,-2.075
2024-12-25 11:00:00,0.277,0.733587,68.798,-2.102,0.816828,67.28,-1.71,0.812677,67.89,-2.112
2024-12-25 12:00:00,0.309,0.734026,68.108,-1.947,0.855252,67.983,-1.62,0.843488,68.02,-2.03
2024-12-25 13:00:00,0.285,0.732508,65.357,-1.36,0.83294,62.89,-0.992,0.790109,64.373,-1.43
2024-12-25 14:00:00,0.28,0.727554,58.173,0.087,0.853084,55.047,0.853,0.775052,54.507,0.763
2024-12-25 15:00:00,0.329,0.726378,50.042,2.135,0.847396,43.103,4.232,0.771648,41.93,4.338
2024-12-25 16:00:00,0.306,0.719164,45.443,3.303,0.881172,38.767,5.503,0.757119,38.45,5.43
2024-12-25 17:00:00,0.368,0.715651,41.84,4.098,0.871937,36.412,6.053,0.747292,36.8,5.592
2024-12-25 18:00:00,0.329,0.708809,40.048,4.302,0.83573,34.657,6.287,0.747956,33.943,6.013
2024-12-25 19:00:00,0.353,0.697141,39.343,4.088,0.806256,33.81,6.015,0.740617,33.145,5.845
2024-12-25 20:00:00,0.373,0.710752,40.58,3.218,0.816385,36.26,4.867,0.749913,37.257,3.782
2024-12-25 21:00:00,0.511,0.719265,47.787,0.818,0.876575,44.65,1.825,0.80488,45.862,0.677
2024-12-25 22:00:00,0.472,0.760946,50.99,-0.388,1.124018,53.938,-0.878,0.967666,55.118,-1.898
2024-12-26 03:00:00,0.454,0.892328,51.582,-0.172,0.965658,52.247,-0.438,0.904864,57.272,-1.827
2024-12-26 04:00:00,0.37,0.856742,53.17,-0.117,0.90752,53.002,-0.058,0.863734,53.76,-0.838
2024-12-26 05:00:00,0.319,0.841019,54.388,0,0.97018,53.24,-0.077,0.831775,53.038,-0.718
2024-12-26 06:00:00,0.287,0.840291,55.078,-0.107,1.010399,54.803,-0.408,0.810474,53,-1.082
2024-12-26 07:00:00,0.266,0.843196,56.038,-0.397,0.94734,56.003,-0.365,0.795886,54.95,-1.498
2024-12-26 08:00:00,0.28,0.793513,58.465,-0.528,0.945968,56.778,-0.625,0.794223,56.935,-1.6
2024-12-26 09:00:00,0.343,0.787799,60.208,-0.593,0.90649,58.983,-0.602,0.783556,57.838,-1.488
2024-12-26 10:00:00,0.401,0.780213,62.143,-0.327,0.894507,59.535,-0.4,0.785324,58.918,-1.345
2024-12-26 11:00:00,0.549,0.83077,61.623,-0.165,0.908693,59.962,-0.268,0.81005,59.5,-1.203
2024-12-26 12:00:00,0.569,0.890859,60.208,-0.205,0.953002,60.925,-0.077,0.82376,59.867,-1.097
2024-12-26 13:00:00,0.593,0.887068,59.102,0.062,1.073782,58.615,0.458,0.830093,57.962,-0.425
2024-12-26 14:00:00,0.415,0.842988,53.35,2.402,0.893954,49.522,3.282,0.829792,47.332,3.533
2024-12-26 15:00:00,0.428,0.80092,46.66,5.032,0.852947,39.947,7.19,0.811166,38.352,7.98
2024-12-26 16:00:00,0.362,0.740566,42.945,7.13,0.832375,37.188,9.255,0.755361,34.593,10.157
2024-12-26 17:00:00,0.196,0.700768,39.327,8.807,0.75539,36.465,9.837,0.739563,33.703,10.813
2024-12-26 18:00:00,0.272,0.711482,36.51,9.977,0.759574,36.178,9.943,0.73479,32.207,11.562
2024-12-26 19:00:00,0.283,0.699946,39.242,8.712,0.747298,36.578,9.59,0.746788,33.385,10.845
2024-12-26 20:00:00,0.313,0.73171,43.298,7.107,0.767487,39.98,7.967,0.774439,40.187,7.653
2024-12-26 21:00:00,0.547,0.76475,53.858,3.647,0.995764,49.718,4.638,0.893214,50.312,3.933
2024-12-27 08:00:00,0.74,NA,NA,NA,1.343443,88.97,-5.813,1.012154,86.458,-5.908
2024-12-27 15:00:00,0.559,NA,NA,NA,1.203784,42.707,7.455,NA,NA,NA
2024-12-27 16:00:00,0.423,1.118197,43.288,8.767,1.207188,38.36,9.302,1.001912,31.145,11.583
2024-12-27 17:00:00,0.369,0.937681,42.607,8.647,0.965581,35.402,10.187,0.759426,23.727,12.542
2024-12-27 18:00:00,0.262,0.838995,42.99,8.093,0.876227,38.317,9.188,0.793648,27.817,11.568
2024-12-27 19:00:00,0.234,0.701494,44.222,7.775,0.839206,39.253,8.398,0.808042,34.5,9.245
2024-12-27 20:00:00,0.256,0.755107,47.57,6.365,0.816828,45.552,6.877,0.847087,40.84,7.147
2024-12-27 21:00:00,0.386,0.897986,56.785,4.405,0.962493,52.042,4.88,1.02162,54.573,4.347
2024-12-27 22:00:00,0.615,1.009623,63.75,3.003,1.2191,60.522,3.442,NA,NA,NA
2024-12-28,0.652,1.050726,62.338,1.983,1.209737,61.827,2.022,1.112263,62.113,1.45
2024-12-28 01:00:00,0.782,1.039632,66.268,1.238,1.236218,63.715,1.632,NA,NA,NA
2024-12-28 02:00:00,0.511,1.144651,70.098,0.96,1.176663,65.933,1.318,1.131446,69.483,0.042
2024-12-28 03:00:00,0.602,1.079981,72.022,0.925,1.210945,68.93,0.993,NA,NA,NA
2024-12-28 04:00:00,0.404,1.076594,75.173,1.103,1.161789,71.327,1.133,NA,NA,NA
2024-12-28 05:00:00,0.445,1.035216,77.662,1.663,1.123338,73.958,1.483,NA,NA,NA
2024-12-28 06:00:00,0.704,1.02966,79.482,1.707,1.059598,76.612,1.687,1.163257,79.455,0.115
2024-12-28 07:00:00,0.536,0.940672,80.657,2.293,1.101189,77.787,2.06,1.115474,80.423,0.797
2024-12-28 08:00:00,0.532,0.905007,80.427,2.967,0.987868,78.237,2.73,1.180074,79.43,1.48
2024-12-28 09:00:00,0.515,0.962165,79.79,3.31,0.956604,78,3.205,1.120109,78.735,2.128
2024-12-28 10:00:00,0.55,0.870997,79.982,4.057,0.977247,78,3.903,1.160086,77.745,2.847
2024-12-28 11:00:00,0.589,0.927699,80.203,4.478,0.949503,80.667,4.218,1.100745,81,3.142
2024-12-28 12:00:00,0.567,0.949113,81.948,4.472,0.981325,82.147,4.407,1.109217,82.327,3.427
2024-12-28 13:00:00,0.683,0.992665,82.363,4.92,0.99245,81.763,5.137,NA,NA,NA
2024-12-28 14:00:00,0.644,0.976348,83.39,5.97,1.048205,82.77,5.768,NA,NA,NA
2024-12-28 15:00:00,0.564,NA,NA,NA,1.110574,84.41,6.453,NA,NA,NA
2024-12-28 16:00:00,0.582,NA,NA,NA,1.208483,84.017,7.332,NA,NA,NA
2024-12-28 17:00:00,0.828,0.934087,86.487,8.02,1.158795,85.345,8,NA,NA,NA
2024-12-28 18:00:00,0.403,0.892972,85.785,8.957,1.001487,85.438,8.967,1.01725,84.9,9.082
2024-12-28 19:00:00,0.31,0.855158,86.228,8.945,0.900158,86.232,9.405,0.933899,86.28,9.257
2024-12-28 20:00:00,0.362,0.922497,87.875,9.028,0.915095,86.747,9.802,0.989612,87.068,9.522
2024-12-28 21:00:00,0.395,1.001318,89.27,9.113,0.985118,88.072,9.593,1.112379,88.22,9.415
2024-12-28 22:00:00,0.451,1.034418,90.062,8.688,1.122742,89.273,9.77,NA,NA,NA
2024-12-28 23:00:00,0.451,1.125218,91.895,8.94,1.097004,88.875,9.997,NA,NA,NA
2024-12-29,0.453,1.03735,90.808,9.057,1.093387,88.797,10.062,NA,NA,NA
2024-12-29 01:00:00,0.529,1.102254,91.033,9.157,1.012406,88.822,10.4,0.939189,89.822,10.263
2024-12-29 02:00:00,0.453,0.819613,92.76,9.963,0.988698,88.498,10.63,0.832824,89.533,10.578
2024-12-29 03:00:00,0.369,0.818662,90.2,10.137,1.036671,88.5,10.757,0.850623,89.397,10.625
2024-12-29 04:00:00,0.278,0.998493,90.008,9.517,1.008105,88.068,10.718,0.935876,89.327,10.658
2024-12-29 05:00:00,0.378,0.852948,91.112,9.445,0.968965,88.515,10.633,1.010009,89.658,10.568
2024-12-29 06:00:00,0.431,1.119023,90.833,9.76,1.095422,88.405,10.7,NA,NA,NA
2024-12-29 07:00:00,0.409,1.109415,91.072,9.427,1.066139,87.98,10.497,1.122316,89.773,10.345
2024-12-29 08:00:00,0.359,0.783677,90.815,9.213,1.036377,88.778,10.16,1.006953,89.775,10.242
2024-12-29 11:00:00,0.503,0.819011,91.037,9.685,1.294205,88.775,9.683,0.954449,90.647,9.42
2024-12-29 12:00:00,0.322,0.815989,90.475,9.558,0.981195,89.747,9.888,1.018314,90.802,9.545
2024-12-29 13:00:00,0.356,0.772384,90.185,9.645,1.120979,88.518,10.512,1.046463,90.258,10.063
2024-12-29 14:00:00,0.407,0.789998,90.555,10.272,0.899374,86.422,11.383,1.076753,88.142,11.132
2024-12-29 15:00:00,0.298,0.838079,88.987,10.587,0.830041,84.878,11.688,0.926624,87.013,11.55
2024-12-29 16:00:00,0.256,0.878146,89.498,10.76,0.796992,87.168,11.227,0.90649,87.885,11.567
2024-12-29 17:00:00,0.299,0.878865,87.967,11.502,0.84925,86.663,11.922,0.843052,87.323,12.382
2024-12-29 18:00:00,0.31,0.664866,87.18,12.055,0.823164,84.54,13.34,0.880168,85.47,14.058
2024-12-29 19:00:00,0.255,0.857478,88.382,12.073,0.794818,82.23,14.273,0.806487,81.92,15.283
2024-12-29 20:00:00,0.201,0.941712,87.593,11.705,0.770016,83.27,13.747,0.815084,81.968,14.907
2024-12-29 21:00:00,0.194,1.002859,88.888,11.202,0.819055,84.727,12.978,0.888775,83.702,13.788
2024-12-29 22:00:00,0.199,0.94735,90.508,10.485,0.816005,85.773,12.343,1.164135,88.042,11.875
2024-12-29 23:00:00,0.284,0.995764,89,10.343,0.766647,85.735,11.803,0.931996,89.408,10.958
2024-12-30,0.229,0.858577,89.398,9.837,0.792227,85.372,11.518,0.888066,89.263,10.338
2024-12-30 01:00:00,0.199,0.741403,90.53,10.162,0.826409,87.295,10.883,0.898096,92.415,9.68
2024-12-30 02:00:00,0.164,0.791841,88.318,11.35,0.762522,86.107,11.415,0.908605,91.437,10.292
2024-12-30 03:00:00,0.147,0.77534,84.833,12.52,0.751208,84.308,12.243,0.887714,90.825,10.583
2024-12-30 04:00:00,0.13,0.664476,83.56,12.925,0.732336,83.232,12.895,0.722245,87.655,12.32
2024-12-30 05:00:00,0.131,0.670879,83.165,12.797,0.703157,79.937,13.6,0.678492,82.897,13.005
2024-12-30 06:00:00,0.132,0.718872,82.367,12.822,0.702974,79.203,13.462,0.674172,82.848,12.863
2024-12-30 07:00:00,0.134,0.652407,83.197,13.085,0.700668,80.472,13.275,0.66884,81.752,13.585
2024-12-30 08:00:00,0.133,0.702627,82.39,13.405,0.697866,80.883,13.53,0.669622,82.332,13.258
2024-12-30 09:00:00,0.131,0.684713,82.51,13.443,0.704391,81.013,13.455,0.672229,83.165,13.103
2024-12-30 10:00:00,0.135,0.679194,82.258,13.547,0.70941,82.617,13.328,0.682573,84.933,12.865
2024-12-30 11:00:00,0.141,0.74651,84.898,12.995,0.733178,82.94,13.477,0.683522,86.138,12.8
2024-12-30 12:00:00,0.174,0.662908,90.877,12.692,0.734951,87.553,13.153,0.692524,90.705,12.893
2024-12-30 13:00:00,0.17,0.655011,91.487,12.838,0.745484,88.253,13.307,0.70608,90.37,13.24
2024-12-30 14:00:00,0.164,0.646338,91.405,12.438,0.743033,88.435,12.975,0.723136,90.022,12.972
2024-12-30 15:00:00,0.172,0.667309,92.333,12.713,0.757683,89.7,13.238,0.71816,91.352,13.072
2024-12-30 16:00:00,0.322,0.677988,91.815,13.532,0.793992,89.108,13.913,0.721461,90.018,13.827
2024-12-30 17:00:00,0.361,0.699431,86.068,14.543,0.740492,83.622,14.87,0.698521,82.685,15.037
2024-12-30 18:00:00,0.364,0.688538,75.342,15.985,0.737856,69.683,16.677,0.690491,67.313,17.298
2024-12-30 19:00:00,0.389,0.700006,68.545,16.427,0.755302,65.555,16.755,0.690028,68.098,15.953
2024-12-30 20:00:00,0.419,0.705472,67.593,15.553,0.796847,65.4,16.198,0.733412,68.777,15.303
2024-12-30 21:00:00,0.472,0.726188,70.275,12.803,0.813263,68.633,13.713,0.755522,70.828,12.955
2024-12-30 22:00:00,0.523,0.769125,72.618,11.035,0.827115,66.08,11.758,0.768835,69.667,10.72
2024-12-30 23:00:00,0.561,0.790678,65.53,10.297,0.761485,54.042,11.118,0.733039,58.728,10.058
2024-12-31,0.611,0.83012,65.478,9.285,0.816043,56.498,10.238,0.760277,60.303,9.27
2024-12-31 01:00:00,0.411,0.829485,68.365,8.39,0.891016,61.98,9.193,0.817351,66.622,7.918
2024-12-31 02:00:00,0.376,0.756145,64.59,8.598,0.846466,62.882,8.7,0.766109,65.872,7.833
2024-12-31 03:00:00,0.417,0.744131,64.772,8.617,0.833504,64.342,8.313,0.8096,68.672,7.233
2024-12-31 04:00:00,0.393,0.747681,65.03,8.387,0.839061,66.032,7.905,0.798851,70.905,6.63
2024-12-31 07:00:00,0.309,0.741956,68.262,6.983,0.800622,68.45,6.693,0.857731,75.92,4.94
2024-12-31 08:00:00,0.342,0.758087,70.902,6.303,0.915223,70.692,6.108,0.821888,77.068,4.645
2024-12-31 09:00:00,0.348,0.804861,75.257,5.293,0.954725,78.235,4.413,0.76366,75.723,4.84
2024-12-31 10:00:00,0.404,0.797071,74.535,5.252,0.900948,76.508,4.538,0.774747,73.178,5.203
2024-12-31 11:00:00,0.531,0.843798,75.685,4.872,1.022436,78.865,3.938,0.761777,74.005,4.798
2024-12-31 12:00:00,0.49,0.89501,76.663,4.635,1.106739,79.653,3.695,0.791841,73.523,4.71
2024-12-31 13:00:00,0.453,0.914092,70.845,6.17,0.938171,60.378,8.547,0.773705,58.792,8.723
2024-12-31 14:00:00,0.488,0.85944,52.443,10.892,0.832987,44.903,12.635,0.741019,43.852,12.848
2024-12-31 15:00:00,0.45,0.755266,42.703,13.287,0.784219,37.6,14.777,0.718576,34.07,16.445
2024-12-31 16:00:00,0.36,0.731604,37.298,15.237,0.762513,33.617,16.52,0.692011,31.705,17.375
2024-12-31 17:00:00,0.293,0.705347,38.268,15.502,0.764485,34.053,16.397,0.70979,31.168,17.4
2024-12-31 18:00:00,0.197,0.834894,41.608,14.002,0.812248,36.78,15.573,0.743863,34.183,16.627
2024-12-31 19:00:00,0.198,0.722139,46.918,13.05,0.787867,41.167,13.582,0.761076,39.938,14.087
2024-12-31 20:00:00,0.212,0.738893,59.827,10.468,0.804773,52.19,11.117,0.824563,50.267,11.173
2024-12-31 21:00:00,0.222,0.868543,60.327,8.633,0.853729,59.008,9.14,0.843048,55.053,9.042
2024-12-31 22:00:00,0.28,1.01088,71.892,7.413,0.930361,65.052,7.847,0.905653,64.817,7.423
2024-12-31 23:00:00,0.39,0.922071,81.787,6.593,0.889684,72.26,7.363,0.996607,73.593,6.377
2025-01-01,0.521,0.823875,83.162,5.423,0.99854,75.665,6.285,NA,NA,NA
2025-01-01 01:00:00,0.551,0.917523,85.26,4.773,1.050639,79.02,5.423,NA,NA,NA
2025-01-01 02:00:00,0.562,0.877577,87.327,4.482,1.022041,82.868,4.502,NA,NA,NA
2025-01-01 03:00:00,0.317,0.773471,88.192,5.043,0.892653,85.282,4.825,0.925564,88.632,4.712
2025-01-01 04:00:00,0.319,0.735435,83.622,5.78,0.847056,78.463,6.383,0.840493,81.265,6.032
