mos_into_deployment,pdf_resolution,statistic,plottype,value
0,14,mean,meas,0.18928591301702888
0,14,mean,ref,0.18928591301702888
0,14,sd,meas,0.05916271413741072
0,14,sd,ref,0.05916271413741072
0,14,kurtosis,meas,26.5573531073636
0,14,kurtosis,ref,26.5573531073636
0,14,skewness,meas,3.3683940530318703
0,14,skewness,ref,3.3683940530318703
0,14,KL,NA,0
0,14,hellinger,NA,0
0,14,euclidean,NA,0
1,NA,mean,meas,NA
1,NA,mean,ref,NA
1,NA,sd,meas,NA
1,NA,sd,ref,NA
1,NA,kurtosis,meas,NA
1,NA,kurtosis,ref,NA
1,NA,skewness,meas,NA
1,NA,skewness,ref,NA
1,NA,KL,NA,NA
1,NA,hellinger,NA,NA
1,NA,euclidean,NA,NA
2,2,mean,meas,0.05306265468924213
2,2,mean,ref,0.05306265468924213
2,2,sd,meas,0.002472503355921753
2,2,sd,ref,0.002472503355921753
2,2,kurtosis,meas,4.566096445491441
2,2,kurtosis,ref,4.566096445491441
2,2,skewness,meas,-1.5959916798082747
2,2,skewness,ref,-1.5959916798082747
2,2,KL,NA,0
2,2,hellinger,NA,0
2,2,euclidean,NA,0
3,56,mean,meas,0.16638503624045578
3,56,mean,ref,0.16638503624045578
3,56,sd,meas,0.23502099820460093
3,56,sd,ref,0.23502099820460093
3,56,kurtosis,meas,56.009006899222
3,56,kurtosis,ref,56.009006899222
3,56,skewness,meas,6.021942170843627
3,56,skewness,ref,6.021942170843627
3,56,KL,NA,0
3,56,hellinger,NA,0
3,56,euclidean,NA,0
4,5,mean,meas,0.2242681098144562
4,5,mean,ref,0.2242681098144562
4,5,sd,meas,0.032243232809285774
4,5,sd,ref,0.032243232809285774
4,5,kurtosis,meas,3.3085613777475866
4,5,kurtosis,ref,3.3085613777475866
4,5,skewness,meas,0.16915334224801698
4,5,skewness,ref,0.16915334224801698
4,5,KL,NA,0
4,5,hellinger,NA,0
4,5,euclidean,NA,0
5,43,mean,meas,0.209356449246265
5,43,mean,ref,0.209356449246265
5,43,sd,meas,0.08533263057485845
5,43,sd,ref,0.08533263057485845
5,43,kurtosis,meas,444.73441144492926
5,43,kurtosis,ref,444.73441144492926
5,43,skewness,meas,18.969239364485585
5,43,skewness,ref,18.969239364485585
5,43,KL,NA,0
5,43,hellinger,NA,0
5,43,euclidean,NA,0
6,13,mean,meas,0.21249052287096054
6,13,mean,ref,0.21249052287096054
6,13,sd,meas,0.08057461261223907
6,13,sd,ref,0.08057461261223907
6,13,kurtosis,meas,10.345531247904852
6,13,kurtosis,ref,10.345531247904852
6,13,skewness,meas,2.1490700875056605
6,13,skewness,ref,2.1490700875056605
6,13,KL,NA,0
6,13,hellinger,NA,0
6,13,euclidean,NA,0
7,0,mean,meas,NA
7,0,mean,ref,NA
7,0,sd,meas,NA
7,0,sd,ref,NA
7,0,kurtosis,meas,NA
7,0,kurtosis,ref,NA
7,0,skewness,meas,NA
7,0,skewness,ref,NA
7,0,KL,NA,NA
7,0,hellinger,NA,NA
7,0,euclidean,NA,NA
8,0,mean,meas,NA
8,0,mean,ref,NA
8,0,sd,meas,NA
8,0,sd,ref,NA
8,0,kurtosis,meas,NA
8,0,kurtosis,ref,NA
8,0,skewness,meas,NA
8,0,skewness,ref,NA
8,0,KL,NA,NA
8,0,hellinger,NA,NA
8,0,euclidean,NA,NA
9,0,mean,meas,NA
9,0,mean,ref,NA
9,0,sd,meas,NA
9,0,sd,ref,NA
9,0,kurtosis,meas,NA
9,0,kurtosis,ref,NA
9,0,skewness,meas,NA
9,0,skewness,ref,NA
9,0,KL,NA,NA
9,0,hellinger,NA,NA
9,0,euclidean,NA,NA
10,0,mean,meas,NA
10,0,mean,ref,NA
10,0,sd,meas,NA
10,0,sd,ref,NA
10,0,kurtosis,meas,NA
10,0,kurtosis,ref,NA
10,0,skewness,meas,NA
10,0,skewness,ref,NA
10,0,KL,NA,NA
10,0,hellinger,NA,NA
10,0,euclidean,NA,NA
11,0,mean,meas,NA
11,0,mean,ref,NA
11,0,sd,meas,NA
11,0,sd,ref,NA
11,0,kurtosis,meas,NA
11,0,kurtosis,ref,NA
11,0,skewness,meas,NA
11,0,skewness,ref,NA
11,0,KL,NA,NA
11,0,hellinger,NA,NA
11,0,euclidean,NA,NA
12,0,mean,meas,NA
12,0,mean,ref,0.18928591301702888
12,0,sd,meas,NA
12,0,sd,ref,0.05916271413741072
12,0,kurtosis,meas,NA
12,0,kurtosis,ref,26.5573531073636
12,0,skewness,meas,NA
12,0,skewness,ref,3.3683940530318703
12,0,KL,NA,NA
12,0,hellinger,NA,NA
12,0,euclidean,NA,NA
13,0,mean,meas,NA
13,0,mean,ref,NA
13,0,sd,meas,NA
13,0,sd,ref,NA
13,0,kurtosis,meas,NA
13,0,kurtosis,ref,NA
13,0,skewness,meas,NA
13,0,skewness,ref,NA
13,0,KL,NA,NA
13,0,hellinger,NA,NA
13,0,euclidean,NA,NA
14,0,mean,meas,NA
14,0,mean,ref,0.05306265468924213
14,0,sd,meas,NA
14,0,sd,ref,0.002472503355921753
14,0,kurtosis,meas,NA
14,0,kurtosis,ref,4.566096445491441
14,0,skewness,meas,NA
14,0,skewness,ref,-1.5959916798082747
14,0,KL,NA,NA
14,0,hellinger,NA,NA
14,0,euclidean,NA,NA
15,0,mean,meas,NA
15,0,mean,ref,0.16638503624045578
15,0,sd,meas,NA
15,0,sd,ref,0.23502099820460093
15,0,kurtosis,meas,NA
15,0,kurtosis,ref,56.009006899222
15,0,skewness,meas,NA
15,0,skewness,ref,6.021942170843627
15,0,KL,NA,NA
15,0,hellinger,NA,NA
15,0,euclidean,NA,NA
16,0,mean,meas,NA
16,0,mean,ref,0.2242681098144562
16,0,sd,meas,NA
16,0,sd,ref,0.032243232809285774
16,0,kurtosis,meas,NA
16,0,kurtosis,ref,3.3085613777475866
16,0,skewness,meas,NA
16,0,skewness,ref,0.16915334224801698
16,0,KL,NA,NA
16,0,hellinger,NA,NA
16,0,euclidean,NA,NA
17,0,mean,meas,NA
17,0,mean,ref,0.209356449246265
17,0,sd,meas,NA
17,0,sd,ref,0.08533263057485845
17,0,kurtosis,meas,NA
17,0,kurtosis,ref,444.73441144492926
17,0,skewness,meas,NA
17,0,skewness,ref,18.969239364485585
17,0,KL,NA,NA
17,0,hellinger,NA,NA
17,0,euclidean,NA,NA
18,0,mean,meas,NA
18,0,mean,ref,0.21249052287096054
18,0,sd,meas,NA
18,0,sd,ref,0.08057461261223907
18,0,kurtosis,meas,NA
18,0,kurtosis,ref,10.345531247904852
18,0,skewness,meas,NA
18,0,skewness,ref,2.1490700875056605
18,0,KL,NA,NA
18,0,hellinger,NA,NA
18,0,euclidean,NA,NA
19,0,mean,meas,2.921151145872438
19,0,mean,ref,NA
19,0,sd,meas,2.1623525298089286
19,0,sd,ref,NA
19,0,kurtosis,meas,1.8300491117562907
19,0,kurtosis,ref,NA
19,0,skewness,meas,0.3281258710886753
19,0,skewness,ref,NA
19,0,KL,NA,NA
19,0,hellinger,NA,NA
19,0,euclidean,NA,NA
20,0,mean,meas,0.25868692884303346
20,0,mean,ref,NA
20,0,sd,meas,0.15726418228782083
20,0,sd,ref,NA
20,0,kurtosis,meas,3.4006303410896384
20,0,kurtosis,ref,NA
20,0,skewness,meas,1.2724258658141008
20,0,skewness,ref,NA
20,0,KL,NA,NA
20,0,hellinger,NA,NA
20,0,euclidean,NA,NA
21,0,mean,meas,0.2227563161082792
21,0,mean,ref,NA
21,0,sd,meas,0.1046238922092388
21,0,sd,ref,NA
21,0,kurtosis,meas,7.300936553922452
21,0,kurtosis,ref,NA
21,0,skewness,meas,2.164710698868798
21,0,skewness,ref,NA
21,0,KL,NA,NA
21,0,hellinger,NA,NA
21,0,euclidean,NA,NA
22,0,mean,meas,0.19069155655530012
22,0,mean,ref,NA
22,0,sd,meas,0.050780771539979945
22,0,sd,ref,NA
22,0,kurtosis,meas,5.311965424083703
22,0,kurtosis,ref,NA
22,0,skewness,meas,1.2690541767803085
22,0,skewness,ref,NA
22,0,KL,NA,NA
22,0,hellinger,NA,NA
22,0,euclidean,NA,NA
23,0,mean,meas,0.17752157053919007
23,0,mean,ref,NA
23,0,sd,meas,0.07875556900855514
23,0,sd,ref,NA
23,0,kurtosis,meas,39.610547156634176
23,0,kurtosis,ref,NA
23,0,skewness,meas,5.572627297484739
23,0,skewness,ref,NA
23,0,KL,NA,NA
23,0,hellinger,NA,NA
23,0,euclidean,NA,NA
24,30,mean,meas,0.17236690726499193
24,30,mean,ref,0.18928591301702888
24,30,sd,meas,0.10375075062728677
24,30,sd,ref,0.05916271413741072
24,30,kurtosis,meas,143.1967859231286
24,30,kurtosis,ref,26.5573531073636
24,30,skewness,meas,10.586455878082552
24,30,skewness,ref,3.3683940530318703
24,30,KL,NA,0.17673248974854983
24,30,hellinger,NA,0.20752452536156035
24,30,euclidean,NA,0.294902360795802
25,0,mean,meas,0.30167663121917776
25,0,mean,ref,NA
25,0,sd,meas,0.4152844920457011
25,0,sd,ref,NA
25,0,kurtosis,meas,11.921809933108134
25,0,kurtosis,ref,NA
25,0,skewness,meas,3.2905756989657635
25,0,skewness,ref,NA
25,0,KL,NA,NA
25,0,hellinger,NA,NA
25,0,euclidean,NA,NA
26,8,mean,meas,0.18407737965910645
26,8,mean,ref,0.05306265468924213
26,8,sd,meas,0.04644426718373463
26,8,sd,ref,0.002472503355921753
26,8,kurtosis,meas,3.374190851740343
26,8,kurtosis,ref,4.566096445491441
26,8,skewness,meas,0.7848618818748601
26,8,skewness,ref,-1.5959916798082747
26,8,KL,NA,5.933550944678366
26,8,hellinger,NA,0.960156970538105
26,8,euclidean,NA,1.0048657383975934
27,56,mean,meas,0.18600416936741154
27,56,mean,ref,0.16638503624045578
27,56,sd,meas,0.044756670173383584
27,56,sd,ref,0.23502099820460093
27,56,kurtosis,meas,4.841775465590521
27,56,kurtosis,ref,56.009006899222
27,56,skewness,meas,1.0640943497861357
27,56,skewness,ref,6.021942170843627
27,56,KL,NA,4.1033688608014796
27,56,hellinger,NA,0.814577551278902
27,56,euclidean,NA,0.8018129791743933
28,7,mean,meas,0.21779435612179535
28,7,mean,ref,0.2242681098144562
28,7,sd,meas,0.05249284407853223
28,7,sd,ref,0.032243232809285774
28,7,kurtosis,meas,4.577976693437108
28,7,kurtosis,ref,3.3085613777475866
28,7,skewness,meas,1.0543596904718981
28,7,skewness,ref,0.16915334224801698
28,7,KL,NA,0.20403479829732127
28,7,hellinger,NA,0.25421021201746474
28,7,euclidean,NA,0.30128878256138647
29,43,mean,meas,0.2358878661082683
29,43,mean,ref,0.209356449246265
29,43,sd,meas,0.059522190459300205
29,43,sd,ref,0.08533263057485845
29,43,kurtosis,meas,4.002185479213957
29,43,kurtosis,ref,444.73441144492926
29,43,skewness,meas,0.6557889933338742
29,43,skewness,ref,18.969239364485585
29,43,KL,NA,0.28830577125205464
29,43,hellinger,NA,0.2702123306231365
29,43,euclidean,NA,0.33371590478943736
30,13,mean,meas,0.20972792506746812
30,13,mean,ref,0.21249052287096054
30,13,sd,meas,0.06480182952475012
30,13,sd,ref,0.08057461261223907
30,13,kurtosis,meas,5.948309466561957
30,13,kurtosis,ref,10.345531247904852
30,13,skewness,meas,1.5052328126385235
30,13,skewness,ref,2.1490700875056605
30,13,KL,NA,0.23923018530312767
30,13,hellinger,NA,0.15252636818031054
30,13,euclidean,NA,0.13792399544766815
31,0,mean,meas,0.20584917818174817
31,0,mean,ref,NA
31,0,sd,meas,0.0908665105168484
31,0,sd,ref,NA
31,0,kurtosis,meas,9.984516313132179
31,0,kurtosis,ref,NA
31,0,skewness,meas,2.0826770145614972
31,0,skewness,ref,NA
31,0,KL,NA,NA
31,0,hellinger,NA,NA
31,0,euclidean,NA,NA
32,0,mean,meas,0.18428549028568275
32,0,mean,ref,NA
32,0,sd,meas,0.11746028670524171
32,0,sd,ref,NA
32,0,kurtosis,meas,27.39613522641353
32,0,kurtosis,ref,NA
32,0,skewness,meas,4.354393160477189
32,0,skewness,ref,NA
32,0,KL,NA,NA
32,0,hellinger,NA,NA
32,0,euclidean,NA,NA
33,0,mean,meas,0.1781911598907726
33,0,mean,ref,NA
33,0,sd,meas,0.11166930781991743
33,0,sd,ref,NA
33,0,kurtosis,meas,12.621049464007804
33,0,kurtosis,ref,NA
33,0,skewness,meas,2.7964528566828686
33,0,skewness,ref,NA
33,0,KL,NA,NA
33,0,hellinger,NA,NA
33,0,euclidean,NA,NA
34,0,mean,meas,0.16444999874027827
34,0,mean,ref,NA
34,0,sd,meas,0.07678860014861405
34,0,sd,ref,NA
34,0,kurtosis,meas,11.299822887322758
34,0,kurtosis,ref,NA
34,0,skewness,meas,2.472600441425594
34,0,skewness,ref,NA
34,0,KL,NA,NA
34,0,hellinger,NA,NA
34,0,euclidean,NA,NA
35,0,mean,meas,0.1394997130283691
35,0,mean,ref,NA
35,0,sd,meas,0.04485228208120978
35,0,sd,ref,NA
35,0,kurtosis,meas,5.518886142746122
35,0,kurtosis,ref,NA
35,0,skewness,meas,1.2790823296976384
35,0,skewness,ref,NA
35,0,KL,NA,NA
35,0,hellinger,NA,NA
35,0,euclidean,NA,NA
36,15,mean,meas,0.1504365146677661
36,15,mean,ref,0.18928591301702888
36,15,sd,meas,0.05367307537665669
36,15,sd,ref,0.05916271413741072
36,15,kurtosis,meas,16.58564760986013
36,15,kurtosis,ref,26.5573531073636
36,15,skewness,meas,2.9854731341421727
36,15,skewness,ref,3.3683940530318703
36,15,KL,NA,0.4918853580967259
36,15,hellinger,NA,0.3621487954616484
36,15,euclidean,NA,0.5010168791518707
37,0,mean,meas,0.1563858341184389
37,0,mean,ref,NA
37,0,sd,meas,0.044686345950439424
37,0,sd,ref,NA
37,0,kurtosis,meas,15.762582152000254
37,0,kurtosis,ref,NA
37,0,skewness,meas,2.1302043025636896
37,0,skewness,ref,NA
37,0,KL,NA,NA
37,0,hellinger,NA,NA
37,0,euclidean,NA,NA
38,8,mean,meas,0.17508129222992774
38,8,mean,ref,0.05306265468924213
38,8,sd,meas,0.05207710034912343
38,8,sd,ref,0.002472503355921753
38,8,kurtosis,meas,3.9486337766490758
38,8,kurtosis,ref,4.566096445491441
38,8,skewness,meas,1.0404852490748788
38,8,skewness,ref,-1.5959916798082747
38,8,KL,NA,5.7486114739137815
38,8,hellinger,NA,0.9553861416036437
38,8,euclidean,NA,1.0052410834383343
39,8,mean,meas,0.22353068424460887
39,8,mean,ref,0.05227359259734372
39,8,sd,meas,0.05354397759915462
39,8,sd,ref,0.0011964189355714544
39,8,kurtosis,meas,2.4482902083763265
39,8,kurtosis,ref,1.864317227252453
39,8,skewness,meas,0.4361937328074198
39,8,skewness,ref,0.02183517405216745
39,8,KL,NA,13.739434961681436
39,8,hellinger,NA,0.9999999999999998
39,8,euclidean,NA,1.1101316496088955
